id	resource	type	text	sf	resultSize	maxJVDPath	maxJVDSink	maxJVDStar	maxJVDHybrid	maxJVD	meanJoinVertexDegree	medianJoinVertexDegree	joinVertices	projectVars	tps	distinct	predicateVar
0	http://lsq.aksw.org/res/q-6680a05f	http://lsq.aksw.org/vocab#Query	SELECT DISTINCT  * WHERE   { ?s  ?p  ?o } 	http://lsq.aksw.org/res/sf-q-6680a05f	304736						0	0	0	3	1	1	1
1	http://lsq.aksw.org/res/q-ed3ddd19	http://lsq.aksw.org/vocab#Query	SELECT DISTINCT  ?s ?p ?o WHERE   { ?s  ?p  ?o } 	http://lsq.aksw.org/res/sf-q-ed3ddd19	304736						0	0	0	3	1	1	1
2	http://lsq.aksw.org/res/q-245cfcb5	http://lsq.aksw.org/vocab#Query	SELECT DISTINCT  ?s ?p WHERE   { ?s  ?p  ?o } 	http://lsq.aksw.org/res/sf-q-245cfcb5	218785						0	0	0	2	1	1	1
3	http://lsq.aksw.org/res/q-59d2148a	http://lsq.aksw.org/vocab#Query	PREFIX  swrc: <http://swrc.ontoware.org/ontology#> PREFIX  rdf:  <http://www.w3.org/1999/02/22-rdf-syntax-ns#> PREFIX  foaf: <http://xmlns.com/foaf/0.1/>  SELECT  ?nombre ?afiliacion ?page WHERE   { ?person  rdf:type          foaf:Person ;              foaf:made         ?paper ;              foaf:name         ?nombre ;              swrc:affiliation  ?afiliacion   } 	http://lsq.aksw.org/res/sf-q-59d2148a	38533			4		4	4	4	1	3	4	0	0
4	http://lsq.aksw.org/res/q-9128efd3	http://lsq.aksw.org/vocab#Query	PREFIX  swrc: <http://swrc.ontoware.org/ontology#> PREFIX  rdf:  <http://www.w3.org/1999/02/22-rdf-syntax-ns#> PREFIX  foaf: <http://xmlns.com/foaf/0.1/>  SELECT DISTINCT  ?authorname ?affiliationname WHERE   { ?person   rdf:type          foaf:Person ;               foaf:name         ?authorname ;               swrc:affiliation  ?affiliation .     ?affiliation  foaf:name     ?affiliationname   } 	http://lsq.aksw.org/res/sf-q-9128efd3	37797	2	2	3		3	2.33333	2	3	2	4	1	0
5	http://lsq.aksw.org/res/q-6f4c6722	http://lsq.aksw.org/vocab#Query	PREFIX  rdf:  <http://www.w3.org/1999/02/22-rdf-syntax-ns#>  SELECT DISTINCT  ?s WHERE   { ?s  rdf:type  ?concept } 	http://lsq.aksw.org/res/sf-q-6f4c6722	28331						0	0	0	1	1	1	0
6	http://lsq.aksw.org/res/q-6799de37	http://lsq.aksw.org/vocab#Query	PREFIX  rdf:  <http://www.w3.org/1999/02/22-rdf-syntax-ns#> PREFIX  foaf: <http://xmlns.com/foaf/0.1/>  SELECT DISTINCT  ?person ?paper ?what WHERE   { ?person  rdf:type   foaf:Person ;              foaf:made  ?paper .     ?paper   rdf:type   ?what   } 	http://lsq.aksw.org/res/sf-q-6799de37	17493	2	2	2		2	2	2	3	3	3	1	0
7	http://lsq.aksw.org/res/q-5a2cda6f	http://lsq.aksw.org/vocab#Query	PREFIX  foaf: <http://xmlns.com/foaf/0.1/>  SELECT  ?resource ?value WHERE   { ?resource  foaf:maker  ?value } 	http://lsq.aksw.org/res/sf-q-5a2cda6f	16073						0	0	0	2	1	0	0
8	http://lsq.aksw.org/res/q-8b937180	http://lsq.aksw.org/vocab#Query	PREFIX  rdf:  <http://www.w3.org/1999/02/22-rdf-syntax-ns#> PREFIX  foaf: <http://xmlns.com/foaf/0.1/>  SELECT DISTINCT  ?p ?name WHERE   { ?p  rdf:type   foaf:Person ;         foaf:name  ?name   } 	http://lsq.aksw.org/res/sf-q-8b937180	11626			2		2	2	2	1	2	2	1	0
9	http://lsq.aksw.org/res/q-f27e010c	http://lsq.aksw.org/vocab#Query	PREFIX  rdf:  <http://www.w3.org/1999/02/22-rdf-syntax-ns#> PREFIX  foaf: <http://xmlns.com/foaf/0.1/>  SELECT DISTINCT  ?a ?v0 WHERE   { ?a  rdf:type   foaf:Person ;         foaf:name  ?v0   } 	http://lsq.aksw.org/res/sf-q-f27e010c	11626			2		2	2	2	1	2	2	1	0
10	http://lsq.aksw.org/res/q-5816c1ce	http://lsq.aksw.org/vocab#Query	PREFIX  swrc: <http://swrc.ontoware.org/ontology#> PREFIX  rdf:  <http://www.w3.org/1999/02/22-rdf-syntax-ns#> PREFIX  foaf: <http://xmlns.com/foaf/0.1/>  SELECT DISTINCT  ?person ?affiliation WHERE   { ?person  rdf:type          foaf:Person ;              swrc:affiliation  ?affiliation   } 	http://lsq.aksw.org/res/sf-q-5816c1ce	11499			2		2	2	2	1	2	2	1	0
11	http://lsq.aksw.org/res/q-0f2c3466	http://lsq.aksw.org/vocab#Query	PREFIX  rdf:  <http://www.w3.org/1999/02/22-rdf-syntax-ns#> PREFIX  foaf: <http://xmlns.com/foaf/0.1/>  SELECT DISTINCT  ?organization ?person WHERE   { ?organization               rdf:type     foaf:Organization ;               foaf:member  ?person   } 	http://lsq.aksw.org/res/sf-q-0f2c3466	11497			2		2	2	2	1	2	2	1	0
12	http://lsq.aksw.org/res/q-5aa720ed	http://lsq.aksw.org/vocab#Query	PREFIX  foaf: <http://xmlns.com/foaf/0.1/>  SELECT DISTINCT  ?organization ?member WHERE   { ?organization               ?property    foaf:Organization ;               foaf:member  ?member   } 	http://lsq.aksw.org/res/sf-q-5aa720ed	11497			2		2	2	2	1	2	2	1	1
13	http://lsq.aksw.org/res/q-9dacad76	http://lsq.aksw.org/vocab#Query	PREFIX  rdf:  <http://www.w3.org/1999/02/22-rdf-syntax-ns#> PREFIX  foaf: <http://xmlns.com/foaf/0.1/>  SELECT  * WHERE   { ?p  rdf:type  foaf:Person } 	http://lsq.aksw.org/res/sf-q-9dacad76	11114						0	0	0	1	1	0	0
14	http://lsq.aksw.org/res/q-6a982947	http://lsq.aksw.org/vocab#Query	PREFIX  rdf:  <http://www.w3.org/1999/02/22-rdf-syntax-ns#> PREFIX  foaf: <http://xmlns.com/foaf/0.1/>  SELECT DISTINCT  ?person WHERE   { ?person  rdf:type  foaf:Person } 	http://lsq.aksw.org/res/sf-q-6a982947	11114						0	0	0	1	1	1	0
15	http://lsq.aksw.org/res/q-45e6f9e0	http://lsq.aksw.org/vocab#Query	PREFIX  semw: <http://data.semanticweb.org/> PREFIX  bibtex: <http://swrc.ontoware.org/ontology#> PREFIX  foaf: <http://xmlns.com/foaf/0.1/>  SELECT DISTINCT  ?s ?a ?au ?p ?o WHERE   { ?s   <http://data.semanticweb.org/ns/swc/ontology#isPartOf>  <http://data.semanticweb.org/conference/iswc/2009/proceedings> ;          bibtex:abstract       ?a ;          foaf:maker            ?au .     ?au  ?p                    ?o   } 	http://lsq.aksw.org/res/sf-q-45e6f9e0	10563	2		3		3	2.5	2	2	5	4	1	1
16	http://lsq.aksw.org/res/q-71a5d9d5	http://lsq.aksw.org/vocab#Query	PREFIX  rdf:  <http://www.w3.org/1999/02/22-rdf-syntax-ns#> PREFIX  swrc: <http://swrc.ontoware.org/ontology#>  SELECT  * WHERE   { ?a  rdf:type  swrc:InProceedings } 	http://lsq.aksw.org/res/sf-q-71a5d9d5	5073						0	0	0	1	1	0	0
17	http://lsq.aksw.org/res/q-5a03a70e	http://lsq.aksw.org/vocab#Query	PREFIX  bibtex: <http://swrc.ontoware.org/ontology#> PREFIX  rdf:  <http://www.w3.org/1999/02/22-rdf-syntax-ns#>  SELECT DISTINCT  ?paper WHERE   { ?paper  rdf:type  bibtex:InProceedings } 	http://lsq.aksw.org/res/sf-q-5a03a70e	5073						0	0	0	1	1	1	0
18	http://lsq.aksw.org/res/q-412afc85	http://lsq.aksw.org/vocab#Query	PREFIX  swc:  <http://data.semanticweb.org/ns/swc/ontology#>  SELECT DISTINCT  ?evento ?Tema WHERE   { ?Tema  swc:isPartOf  ?evento } 	http://lsq.aksw.org/res/sf-q-412afc85	4978						0	0	0	2	1	1	0
19	http://lsq.aksw.org/res/q-c8651fb2	http://lsq.aksw.org/vocab#Query	PREFIX  semw: <http://data.semanticweb.org/>  SELECT DISTINCT  ?s ?y WHERE   { ?s  <http://data.semanticweb.org/ns/swc/ontology#isPartOf>  ?y } 	http://lsq.aksw.org/res/sf-q-c8651fb2	4978						0	0	0	2	1	1	0
20	http://lsq.aksw.org/res/q-10c6af92	http://lsq.aksw.org/vocab#Query	PREFIX  bibtex: <http://swrc.ontoware.org/ontology#>  SELECT DISTINCT  ?paper WHERE   { ?paper  bibtex:author  ?author } 	http://lsq.aksw.org/res/sf-q-10c6af92	3646						0	0	0	1	1	1	0
21	http://lsq.aksw.org/res/q-23a6a20b	http://lsq.aksw.org/vocab#Query	PREFIX  foaf: <http://xmlns.com/foaf/0.1/>  SELECT DISTINCT  ?isValueOf WHERE   { ?isValueOf  ?property  foaf:Organization } 	http://lsq.aksw.org/res/sf-q-23a6a20b	3174						0	0	0	1	1	1	1
22	http://lsq.aksw.org/res/q-254ce234	http://lsq.aksw.org/vocab#Query	PREFIX  rdf:  <http://www.w3.org/1999/02/22-rdf-syntax-ns#> PREFIX  foaf: <http://xmlns.com/foaf/0.1/>  SELECT DISTINCT  ?organization WHERE   { ?organization               rdf:type  foaf:Organization   } 	http://lsq.aksw.org/res/sf-q-254ce234	3174						0	0	0	1	1	1	0
23	http://lsq.aksw.org/res/q-4deb7ad7	http://lsq.aksw.org/vocab#Query	PREFIX  rdf:  <http://www.w3.org/1999/02/22-rdf-syntax-ns#> PREFIX  foaf: <http://xmlns.com/foaf/0.1/>  SELECT DISTINCT  ?orga WHERE   { ?orga  rdf:type  foaf:Organization } 	http://lsq.aksw.org/res/sf-q-4deb7ad7	3174						0	0	0	1	1	1	0
24	http://lsq.aksw.org/res/q-5a6cff94	http://lsq.aksw.org/vocab#Query	PREFIX  foaf: <http://xmlns.com/foaf/0.1/>  SELECT DISTINCT  ?isValueOf WHERE   { ?isValueOf  ?property  foaf:Organization } 	http://lsq.aksw.org/res/sf-q-5a6cff94	3174						0	0	0	1	1	1	1
25	http://lsq.aksw.org/res/q-7654a602	http://lsq.aksw.org/vocab#Query	PREFIX  rdf:  <http://www.w3.org/1999/02/22-rdf-syntax-ns#> PREFIX  foaf: <http://xmlns.com/foaf/0.1/>  SELECT DISTINCT  ?orga WHERE   { ?orga  rdf:type  foaf:Organization } 	http://lsq.aksw.org/res/sf-q-7654a602	3174						0	0	0	1	1	1	0
26	http://lsq.aksw.org/res/q-770b8552	http://lsq.aksw.org/vocab#Query	PREFIX  bibtex: <http://swrc.ontoware.org/ontology#> PREFIX  semw: <http://data.semanticweb.org/>  SELECT DISTINCT  ?s ?p ?o WHERE   { ?s  <http://data.semanticweb.org/ns/swc/ontology#isPartOf>  <http://data.semanticweb.org/conference/iswc/2009/proceedings> ;         bibtex:abstract       ?a ;         ?p                    ?o   } 	http://lsq.aksw.org/res/sf-q-770b8552	2796			3		3	3	3	1	3	3	1	1
27	http://lsq.aksw.org/res/q-7f5cfc91	http://lsq.aksw.org/vocab#Query	PREFIX  foaf: <http://xmlns.com/foaf/0.1/>  SELECT  ?s ?o WHERE   { ?s  foaf:family_name  ?o } 	http://lsq.aksw.org/res/sf-q-7f5cfc91	2486						0	0	0	2	1	0	0
28	http://lsq.aksw.org/res/q-02e8583e	http://lsq.aksw.org/vocab#Query	PREFIX  owl:  <http://www.w3.org/2002/07/owl#> PREFIX  rdf:  <http://www.w3.org/1999/02/22-rdf-syntax-ns#> PREFIX  foaf: <http://xmlns.com/foaf/0.1/>  SELECT DISTINCT  * WHERE   { ?s  rdf:type    foaf:Person ;         owl:sameAs  ?sa   } 	http://lsq.aksw.org/res/sf-q-02e8583e	1092			2		2	2	2	1	2	2	1	0
29	http://lsq.aksw.org/res/q-e754fea0	http://lsq.aksw.org/vocab#Query	PREFIX  ical: <http://www.w3.org/2002/12/cal/ical#> PREFIX  rdf:  <http://www.w3.org/1999/02/22-rdf-syntax-ns#> PREFIX  swc:  <http://data.semanticweb.org/ns/swc/ontology#> PREFIX  foaf: <http://xmlns.com/foaf/0.1/> PREFIX  dc:   <http://purl.org/dc/elements/1.1/>  SELECT DISTINCT  ?nombre ?tema ?Title WHERE   { ?person   rdf:type            foaf:Person ;               foaf:name           ?nombre ;               foaf:page           ?page ;               foaf:made           ?Tema .     ?Tema     dc:title            ?tema ;               swc:isPartOf        ?evento .     ?evento   swc:relatedToEvent  ?Conferencia .     ?Conferencia  ical:summary    ?Title ;               swc:hasAcronym      ?Tipo   } 	http://lsq.aksw.org/res/sf-q-e754fea0	699	2		4	3	4	3	3	4	3	9	1	0
30	http://lsq.aksw.org/res/q-f0939975	http://lsq.aksw.org/vocab#Query	PREFIX  rdf:  <http://www.w3.org/1999/02/22-rdf-syntax-ns#>  SELECT DISTINCT  ?b ?d ?e WHERE   { ?a  rdf:type  ?b .     ?c  rdf:type  ?d .     ?a  ?e        ?c   } 	http://lsq.aksw.org/res/sf-q-f0939975	686	2	2	2		2	2	2	3	3	3	1	1
31	http://lsq.aksw.org/res/q-9d1677d0	http://lsq.aksw.org/vocab#Query	PREFIX  semw: <http://data.semanticweb.org/> PREFIX  bibtex: <http://swrc.ontoware.org/ontology#> PREFIX  foaf: <http://xmlns.com/foaf/0.1/>  SELECT DISTINCT  ?s ?a ?first ?last ?sha WHERE   { ?s   <http://data.semanticweb.org/ns/swc/ontology#isPartOf>  <http://data.semanticweb.org/conference/iswc/2011/proceedings> ;          bibtex:abstract       ?a ;          foaf:maker            ?au .     ?au  foaf:firstName        ?first ;          foaf:mbox_sha1sum     ?sha ;          foaf:lastName         ?last   } 	http://lsq.aksw.org/res/sf-q-9d1677d0	542			3	4	4	3.5	3	2	5	6	1	0
32	http://lsq.aksw.org/res/q-f3db27b7	http://lsq.aksw.org/vocab#Query	PREFIX  semw: <http://data.semanticweb.org/> PREFIX  bibtex: <http://swrc.ontoware.org/ontology#> PREFIX  foaf: <http://xmlns.com/foaf/0.1/>  SELECT DISTINCT  ?s ?a ?first ?last ?sha WHERE   { ?s   <http://data.semanticweb.org/ns/swc/ontology#isPartOf>  <http://data.semanticweb.org/conference/iswc/2010/proceedings> ;          bibtex:abstract       ?a ;          foaf:maker            ?au .     ?au  foaf:firstName        ?first ;          foaf:mbox_sha1sum     ?sha ;          foaf:lastName         ?last   } 	http://lsq.aksw.org/res/sf-q-f3db27b7	440			3	4	4	3.5	3	2	5	6	1	0
33	http://lsq.aksw.org/res/q-c88939a0	http://lsq.aksw.org/vocab#Query	PREFIX  semw: <http://data.semanticweb.org/> PREFIX  bibtex: <http://swrc.ontoware.org/ontology#> PREFIX  foaf: <http://xmlns.com/foaf/0.1/>  SELECT DISTINCT  ?s ?a ?au WHERE   { ?s   <http://data.semanticweb.org/ns/swc/ontology#isPartOf>  <http://data.semanticweb.org/conference/iswc/2009/proceedings> ;          bibtex:abstract       ?a ;          foaf:maker            ?au .     ?au  ?p                    ?o   } 	http://lsq.aksw.org/res/sf-q-c88939a0	411	2		3		3	2.5	2	2	3	4	1	1
34	http://lsq.aksw.org/res/q-704d384c	http://lsq.aksw.org/vocab#Query	PREFIX  semw: <http://data.semanticweb.org/> PREFIX  swrc: <http://swrc.ontoware.org/ontology#> PREFIX  foaf: <http://xmlns.com/foaf/0.1/> PREFIX  dc:   <http://purl.org/dc/elements/1.1/>  SELECT DISTINCT  ?title ?author WHERE   { <http://data.semanticweb.org/conference/www/2007/proceedings>               ?property    ?paperID .     ?paperID  dc:title     ?title ;               swrc:author  ?authorID .     ?authorID  foaf:name   ?author   } 	http://lsq.aksw.org/res/sf-q-704d384c	408	2			3	3	2.5	2	2	2	4	1	1
35	http://lsq.aksw.org/res/q-710e71fe	http://lsq.aksw.org/vocab#Query	PREFIX  semw: <http://data.semanticweb.org/> PREFIX  swrc: <http://swrc.ontoware.org/ontology#> PREFIX  dc:   <http://purl.org/dc/elements/1.1/>  SELECT DISTINCT  ?paperID ?title ?authorID WHERE   { <http://data.semanticweb.org/conference/www/2007/proceedings>               ?property    ?paperID .     ?paperID  dc:title     ?title ;               swrc:author  ?authorID   } 	http://lsq.aksw.org/res/sf-q-710e71fe	372				3	3	3	3	1	3	3	1	1
36	http://lsq.aksw.org/res/q-f02061b7	http://lsq.aksw.org/vocab#Query	SELECT DISTINCT  ?prop WHERE   { ?subject  ?prop  ?object } 	http://lsq.aksw.org/res/sf-q-f02061b7	185						0	0	0	1	1	1	1
37	http://lsq.aksw.org/res/q-f41b7878	http://lsq.aksw.org/vocab#Query	SELECT DISTINCT  ?p WHERE   { ?s  ?p  ?o } 	http://lsq.aksw.org/res/sf-q-f41b7878	185						0	0	0	1	1	1	1
38	http://lsq.aksw.org/res/q-f2403d9e	http://lsq.aksw.org/vocab#Query	PREFIX  bibtex: <http://swrc.ontoware.org/ontology#> PREFIX  semw: <http://data.semanticweb.org/>  SELECT DISTINCT  ?s ?a WHERE   { ?s  <http://data.semanticweb.org/ns/swc/ontology#isPartOf>  <http://data.semanticweb.org/conference/iswc/2009/proceedings> ;         bibtex:abstract       ?a   } 	http://lsq.aksw.org/res/sf-q-f2403d9e	113			2		2	2	2	1	2	2	1	0
39	http://lsq.aksw.org/res/q-9dc06328	http://lsq.aksw.org/vocab#Query	PREFIX  bibtex: <http://swrc.ontoware.org/ontology#> PREFIX  semw: <http://data.semanticweb.org/>  SELECT DISTINCT  ?s ?topic WHERE   { ?s  <http://data.semanticweb.org/ns/swc/ontology#isPartOf>  <http://data.semanticweb.org/conference/iswc/2009/proceedings> ;         bibtex:abstract       ?a ;         <http://data.semanticweb.org/ns/swc/ontology#hasTopic>  ?topic   } 	http://lsq.aksw.org/res/sf-q-9dc06328	113			3		3	3	3	1	2	3	1	0
40	http://lsq.aksw.org/res/q-e7637d2a	http://lsq.aksw.org/vocab#Query	PREFIX  rdf:  <http://www.w3.org/1999/02/22-rdf-syntax-ns#> PREFIX  foaf: <http://xmlns.com/foaf/0.1/>  SELECT DISTINCT  ?d ?e WHERE   { ?a  rdf:type  foaf:Person .     ?c  rdf:type  ?d .     ?a  ?e        ?c   } 	http://lsq.aksw.org/res/sf-q-e7637d2a	87	2	2	2		2	2	2	3	2	3	1	1
41	http://lsq.aksw.org/res/q-3f5960d7	http://lsq.aksw.org/vocab#Query	PREFIX  semw: <http://data.semanticweb.org/> PREFIX  bibtex: <http://swrc.ontoware.org/ontology#> PREFIX  foaf: <http://xmlns.com/foaf/0.1/>  SELECT DISTINCT  ?s ?a WHERE   { ?s  <http://data.semanticweb.org/ns/swc/ontology#isPartOf>  <http://data.semanticweb.org/conference/iswc/2010/proceedings> ;         bibtex:abstract       ?a ;         foaf:maker            ?au   } 	http://lsq.aksw.org/res/sf-q-3f5960d7	86			3		3	3	3	1	2	3	1	0
42	http://lsq.aksw.org/res/q-0599b2b9	http://lsq.aksw.org/vocab#Query	PREFIX  bibtex: <http://swrc.ontoware.org/ontology#> PREFIX  semw: <http://data.semanticweb.org/>  SELECT DISTINCT  ?s ?a WHERE   { ?s  <http://data.semanticweb.org/ns/swc/ontology#isPartOf>  <http://data.semanticweb.org/conference/iswc/2011/proceedings> ;         bibtex:abstract       ?a   } 	http://lsq.aksw.org/res/sf-q-0599b2b9	84			2		2	2	2	1	2	2	1	0
43	http://lsq.aksw.org/res/q-41e00180	http://lsq.aksw.org/vocab#Query	PREFIX  rdf:  <http://www.w3.org/1999/02/22-rdf-syntax-ns#> PREFIX  semw: <http://data.semanticweb.org/>  SELECT DISTINCT  ?d ?e WHERE   { ?a  rdf:type  <http://data.semanticweb.org/ns/swc/ontology#ConferenceEvent> .     ?c  rdf:type  ?d .     ?a  ?e        ?c   } 	http://lsq.aksw.org/res/sf-q-41e00180	83	2	2	2		2	2	2	3	2	3	1	1
44	http://lsq.aksw.org/res/q-9cf79bc8	http://lsq.aksw.org/vocab#Query	PREFIX  semw: <http://data.semanticweb.org/>  SELECT DISTINCT  ?demoPaper WHERE   { <http://data.semanticweb.org/conference/iswc-aswc/2007/tracks/posters-demos/proceedings>               <http://data.semanticweb.org/ns/swc/ontology#hasPart>  ?demoPaper   } 	http://lsq.aksw.org/res/sf-q-9cf79bc8	59						0	0	0	1	1	1	0
45	http://lsq.aksw.org/res/q-790d04fc	http://lsq.aksw.org/vocab#Query	PREFIX  semw: <http://data.semanticweb.org/> PREFIX  rdfs: <http://www.w3.org/2000/01/rdf-schema#> PREFIX  rdf:  <http://www.w3.org/1999/02/22-rdf-syntax-ns#> PREFIX  dc:   <http://purl.org/dc/elements/1.1/>  SELECT DISTINCT  ?label ?location ?title WHERE   { ?w  rdf:type              <http://data.semanticweb.org/ns/swc/ontology#WorkshopEvent> ;         dc:title              ?title ;         <http://data.semanticweb.org/ns/swc/ontology#hasLocation>  ?location ;         rdfs:label            ?label   } 	http://lsq.aksw.org/res/sf-q-790d04fc	58			4		4	4	4	1	3	4	1	0
46	http://lsq.aksw.org/res/q-43786da5	http://lsq.aksw.org/vocab#Query	PREFIX  semw: <http://data.semanticweb.org/>  SELECT  ?property ?value WHERE   { <http://data.semanticweb.org/conference/eswc/2010/inuse/pcmember>               ?property  ?value   } 	http://lsq.aksw.org/res/sf-q-43786da5	55						0	0	0	2	1	0	1
47	http://lsq.aksw.org/res/q-3490a9bc	http://lsq.aksw.org/vocab#Query	PREFIX  rdfs: <http://www.w3.org/2000/01/rdf-schema#> PREFIX  rdf:  <http://www.w3.org/1999/02/22-rdf-syntax-ns#> PREFIX  swc:  <http://data.semanticweb.org/ns/swc/ontology#>  SELECT DISTINCT  ?Tema ?title ?tipo WHERE   { ?Tema  rdf:type        swc:ConferenceEvent ;            rdfs:label      ?title ;            swc:hasAcronym  ?tipo   } 	http://lsq.aksw.org/res/sf-q-3490a9bc	43			3		3	3	3	1	3	3	1	0
48	http://lsq.aksw.org/res/q-3db83919	http://lsq.aksw.org/vocab#Query	PREFIX  semw: <http://data.semanticweb.org/> PREFIX  rdfs: <http://www.w3.org/2000/01/rdf-schema#> PREFIX  rdf:  <http://www.w3.org/1999/02/22-rdf-syntax-ns#> PREFIX  dc:   <http://purl.org/dc/elements/1.1/>  SELECT  ?wt ?ll WHERE   { ?w  rdf:type              <http://data.semanticweb.org/ns/swc/ontology#WorkshopEvent> ;         dc:title              ?wt ;         <http://data.semanticweb.org/ns/swc/ontology#hasLocation>  ?l .     ?l  rdfs:label            ?ll   } 	http://lsq.aksw.org/res/sf-q-3db83919	33	2		3		3	2.5	2	2	2	4	0	0
49	http://lsq.aksw.org/res/q-41d2194a	http://lsq.aksw.org/vocab#Query	PREFIX  semw: <http://data.semanticweb.org/> PREFIX  rdfs: <http://www.w3.org/2000/01/rdf-schema#> PREFIX  rdf:  <http://www.w3.org/1999/02/22-rdf-syntax-ns#> PREFIX  dc:   <http://purl.org/dc/elements/1.1/>  SELECT DISTINCT  ?t ?label WHERE   { ?w  rdf:type              <http://data.semanticweb.org/ns/swc/ontology#WorkshopEvent> ;         <http://data.semanticweb.org/ns/swc/ontology#hasLocation>  ?l ;         dc:title              ?t .     ?l  rdfs:label            ?label   } 	http://lsq.aksw.org/res/sf-q-41d2194a	33	2		3		3	2.5	2	2	2	4	1	0
50	http://lsq.aksw.org/res/q-4dcd570e	http://lsq.aksw.org/vocab#Query	PREFIX  semw: <http://data.semanticweb.org/> PREFIX  rdfs: <http://www.w3.org/2000/01/rdf-schema#> PREFIX  rdf:  <http://www.w3.org/1999/02/22-rdf-syntax-ns#> PREFIX  dc:   <http://purl.org/dc/elements/1.1/>  SELECT DISTINCT  ?t ?l WHERE   { ?s    rdf:type              <http://data.semanticweb.org/ns/swc/ontology#WorkshopEvent> ;           dc:title              ?t ;           <http://data.semanticweb.org/ns/swc/ontology#hasLocation>  ?loc .     ?loc  rdfs:label            ?l   } 	http://lsq.aksw.org/res/sf-q-4dcd570e	33	2		3		3	2.5	2	2	2	4	1	0
51	http://lsq.aksw.org/res/q-89c12c3e	http://lsq.aksw.org/vocab#Query	PREFIX  semw: <http://data.semanticweb.org/>  SELECT DISTINCT  ?s WHERE   { ?s  <http://data.semanticweb.org/ns/swc/ontology#hasLogo>  ?o } 	http://lsq.aksw.org/res/sf-q-89c12c3e	32						0	0	0	1	1	1	0
52	http://lsq.aksw.org/res/q-918a7030	http://lsq.aksw.org/vocab#Query	PREFIX  semw: <http://data.semanticweb.org/> PREFIX  swrc: <http://swrc.ontoware.org/ontology#> PREFIX  rdf:  <http://www.w3.org/1999/02/22-rdf-syntax-ns#> PREFIX  foaf: <http://xmlns.com/foaf/0.1/>  SELECT DISTINCT  ?nombre ?afiname ?page WHERE   { ?person  rdf:type          foaf:Person ;              foaf:made         ?paper ;              foaf:name         ?nombre ;              swrc:affiliation  <http://data.semanticweb.org/organization/university-of-zurich>   } 	http://lsq.aksw.org/res/sf-q-918a7030	31			4		4	4	4	1	3	4	1	0
53	http://lsq.aksw.org/res/q-8884698c	http://lsq.aksw.org/vocab#Query	PREFIX  semw: <http://data.semanticweb.org/>  SELECT  ?property ?value WHERE   { <http://data.semanticweb.org/person/volker-haarslev>               ?property  ?value   } 	http://lsq.aksw.org/res/sf-q-8884698c	30						0	0	0	2	1	0	1
54	http://lsq.aksw.org/res/q-33b024de	http://lsq.aksw.org/vocab#Query	PREFIX  semw: <http://data.semanticweb.org/>  SELECT  ?property ?value WHERE   { <http://data.semanticweb.org/conference/iswc/2005/local-organising-committee-member>               ?property  ?value   } 	http://lsq.aksw.org/res/sf-q-33b024de	27						0	0	0	2	1	0	1
55	http://lsq.aksw.org/res/q-99b60235	http://lsq.aksw.org/vocab#Query	PREFIX  rdf:  <http://www.w3.org/1999/02/22-rdf-syntax-ns#> PREFIX  semw: <http://data.semanticweb.org/>  SELECT DISTINCT  ?d ?e WHERE   { ?a  rdf:type  <http://data.semanticweb.org/ns/swc/ontology#SessionEvent> .     ?c  rdf:type  ?d .     ?a  ?e        ?c   } 	http://lsq.aksw.org/res/sf-q-99b60235	26	2	2	2		2	2	2	3	2	3	1	1
56	http://lsq.aksw.org/res/q-e7d825dc	http://lsq.aksw.org/vocab#Query	PREFIX  bibtex: <http://swrc.ontoware.org/ontology#> PREFIX  rdf:  <http://www.w3.org/1999/02/22-rdf-syntax-ns#>  SELECT DISTINCT  ?d ?e WHERE   { ?a  rdf:type  bibtex:InProceedings .     ?c  rdf:type  ?d .     ?a  ?e        ?c   } 	http://lsq.aksw.org/res/sf-q-e7d825dc	24	2	2	2		2	2	2	3	2	3	1	1
57	http://lsq.aksw.org/res/q-5a1d87fe	http://lsq.aksw.org/vocab#Query	PREFIX  semw: <http://data.semanticweb.org/>  SELECT  ?property ?value WHERE   { <http://data.semanticweb.org/workshop/om/2013/proceedings>               ?property  ?value   } 	http://lsq.aksw.org/res/sf-q-5a1d87fe	23						0	0	0	2	1	0	1
58	http://lsq.aksw.org/res/q-4007995d	http://lsq.aksw.org/vocab#Query	PREFIX  semw: <http://data.semanticweb.org/>  SELECT  ?property ?value WHERE   { <http://data.semanticweb.org/conference/lrec/2008/papers/738>               ?property  ?value   } 	http://lsq.aksw.org/res/sf-q-4007995d	20						0	0	0	2	1	0	1
59	http://lsq.aksw.org/res/q-90dc7944	http://lsq.aksw.org/vocab#Query	PREFIX  semw: <http://data.semanticweb.org/>  SELECT  ?property ?value WHERE   { <http://data.semanticweb.org/person/olaf-noppens>               ?property  ?value   } 	http://lsq.aksw.org/res/sf-q-90dc7944	20						0	0	0	2	1	0	1
60	http://lsq.aksw.org/res/q-89e94166	http://lsq.aksw.org/vocab#Query	PREFIX  semw: <http://data.semanticweb.org/>  SELECT DISTINCT  ?p WHERE   { <http://data.semanticweb.org/person/mathieu-daquin>               ?p  ?x   } 	http://lsq.aksw.org/res/sf-q-89e94166	19						0	0	0	1	1	1	1
61	http://lsq.aksw.org/res/q-e6139815	http://lsq.aksw.org/vocab#Query	PREFIX  semw: <http://data.semanticweb.org/>  SELECT DISTINCT  ?p WHERE   { <http://data.semanticweb.org/person/natalya-noy>               ?p  ?x   } 	http://lsq.aksw.org/res/sf-q-e6139815	19						0	0	0	1	1	1	1
62	http://lsq.aksw.org/res/q-657f2549	http://lsq.aksw.org/vocab#Query	PREFIX  event: <http://purl.org/NET/c4dm/event.owl#> PREFIX  rdf:  <http://www.w3.org/1999/02/22-rdf-syntax-ns#>  SELECT DISTINCT  ?d ?e WHERE   { ?a  rdf:type  event:Event .     ?c  rdf:type  ?d .     ?a  ?e        ?c   } 	http://lsq.aksw.org/res/sf-q-657f2549	19	2	2	2		2	2	2	3	2	3	1	1
63	http://lsq.aksw.org/res/q-e6cf10c8	http://lsq.aksw.org/vocab#Query	PREFIX  semw: <http://data.semanticweb.org/>  SELECT  ?property ?value WHERE   { <http://data.semanticweb.org/person/jianyong-wang>               ?property  ?value   } 	http://lsq.aksw.org/res/sf-q-e6cf10c8	18						0	0	0	2	1	0	1
64	http://lsq.aksw.org/res/q-9d67ccc6	http://lsq.aksw.org/vocab#Query	PREFIX  semw: <http://data.semanticweb.org/>  SELECT DISTINCT  ?p WHERE   { <http://data.semanticweb.org/person/diana-maynard>               ?p  ?x   } 	http://lsq.aksw.org/res/sf-q-9d67ccc6	18						0	0	0	1	1	1	1
65	http://lsq.aksw.org/res/q-435e8df2	http://lsq.aksw.org/vocab#Query	PREFIX  bibtex: <http://swrc.ontoware.org/ontology#> PREFIX  rdf:  <http://www.w3.org/1999/02/22-rdf-syntax-ns#>  SELECT DISTINCT  ?d ?e WHERE   { ?a  rdf:type  bibtex:Proceedings .     ?c  rdf:type  ?d .     ?a  ?e        ?c   } 	http://lsq.aksw.org/res/sf-q-435e8df2	18	2	2	2		2	2	2	3	2	3	1	1
66	http://lsq.aksw.org/res/q-6a2a6d15	http://lsq.aksw.org/vocab#Query	PREFIX  rdf:  <http://www.w3.org/1999/02/22-rdf-syntax-ns#> PREFIX  semw: <http://data.semanticweb.org/>  SELECT DISTINCT  ?d ?e WHERE   { ?a  rdf:type  <http://data.semanticweb.org/ns/swc/ontology#TalkEvent> .     ?c  rdf:type  ?d .     ?a  ?e        ?c   } 	http://lsq.aksw.org/res/sf-q-6a2a6d15	18	2	2	2		2	2	2	3	2	3	1	1
67	http://lsq.aksw.org/res/q-822bddf7	http://lsq.aksw.org/vocab#Query	PREFIX  semw: <http://data.semanticweb.org/>  SELECT  ?property ?value WHERE   { <http://data.semanticweb.org/conference/eswc/2014/paper/ws/SSA/2>               ?property  ?value   } 	http://lsq.aksw.org/res/sf-q-822bddf7	17						0	0	0	2	1	0	1
68	http://lsq.aksw.org/res/q-933f9c2e	http://lsq.aksw.org/vocab#Query	PREFIX  semw: <http://data.semanticweb.org/>  SELECT  ?property ?value WHERE   { <http://data.semanticweb.org/conference/www/2007/paper/main/557>               ?property  ?value   } 	http://lsq.aksw.org/res/sf-q-933f9c2e	17						0	0	0	2	1	0	1
69	http://lsq.aksw.org/res/q-f5a84c33	http://lsq.aksw.org/vocab#Query	PREFIX  semw: <http://data.semanticweb.org/>  SELECT  ?property ?value WHERE   { <http://data.semanticweb.org/conference/eswc/2012/paper/poster/326>               ?property  ?value   } 	http://lsq.aksw.org/res/sf-q-f5a84c33	17						0	0	0	2	1	0	1
70	http://lsq.aksw.org/res/q-43316710	http://lsq.aksw.org/vocab#Query	PREFIX  semw: <http://data.semanticweb.org/>  SELECT DISTINCT  ?p WHERE   { <http://data.semanticweb.org/person/jeff-heflin>               ?p  ?x   } 	http://lsq.aksw.org/res/sf-q-43316710	17						0	0	0	1	1	1	1
71	http://lsq.aksw.org/res/q-a18b6464	http://lsq.aksw.org/vocab#Query	PREFIX  semw: <http://data.semanticweb.org/>  SELECT DISTINCT  ?p WHERE   { <http://data.semanticweb.org/person/sofia-angeletou>               ?p  ?x   } 	http://lsq.aksw.org/res/sf-q-a18b6464	17						0	0	0	1	1	1	1
72	http://lsq.aksw.org/res/q-10f6c492	http://lsq.aksw.org/vocab#Query	PREFIX  semw: <http://data.semanticweb.org/>  SELECT  ?property ?value WHERE   { <http://data.semanticweb.org/workshop/cqa/2012/proceedings>               ?property  ?value   } 	http://lsq.aksw.org/res/sf-q-10f6c492	16						0	0	0	2	1	0	1
73	http://lsq.aksw.org/res/q-6ae8d7fe	http://lsq.aksw.org/vocab#Query	PREFIX  semw: <http://data.semanticweb.org/>  SELECT  ?property ?value WHERE   { <http://data.semanticweb.org/person/letizia-tanca>               ?property  ?value   } 	http://lsq.aksw.org/res/sf-q-6ae8d7fe	16						0	0	0	2	1	0	1
74	http://lsq.aksw.org/res/q-e4519c29	http://lsq.aksw.org/vocab#Query	PREFIX  semw: <http://data.semanticweb.org/>  SELECT  ?property ?value WHERE   { <http://data.semanticweb.org/workshop/ssws/2013/proceedings/paper-02>               ?property  ?value   } 	http://lsq.aksw.org/res/sf-q-e4519c29	16						0	0	0	2	1	0	1
75	http://lsq.aksw.org/res/q-415d53a5	http://lsq.aksw.org/vocab#Query	PREFIX  semw: <http://data.semanticweb.org/>  SELECT DISTINCT  ?p WHERE   { <http://data.semanticweb.org/person/gerhard-friedrich>               ?p  ?x   } 	http://lsq.aksw.org/res/sf-q-415d53a5	16						0	0	0	1	1	1	1
76	http://lsq.aksw.org/res/q-4e5a6605	http://lsq.aksw.org/vocab#Query	PREFIX  semw: <http://data.semanticweb.org/>  SELECT DISTINCT  ?p WHERE   { <http://data.semanticweb.org/person/michael-stollberg>               ?p  ?x   } 	http://lsq.aksw.org/res/sf-q-4e5a6605	16						0	0	0	1	1	1	1
77	http://lsq.aksw.org/res/q-6d1d3177	http://lsq.aksw.org/vocab#Query	PREFIX  semw: <http://data.semanticweb.org/>  SELECT DISTINCT  ?p WHERE   { <http://data.semanticweb.org/person/miriam-fernandez>               ?p  ?x   } 	http://lsq.aksw.org/res/sf-q-6d1d3177	16						0	0	0	1	1	1	1
78	http://lsq.aksw.org/res/q-57e220b7	http://lsq.aksw.org/vocab#Query	PREFIX  semw: <http://data.semanticweb.org/>  SELECT  ?property ?value WHERE   { <http://data.semanticweb.org/person/xin-li>               ?property  ?value   } 	http://lsq.aksw.org/res/sf-q-57e220b7	15						0	0	0	2	1	0	1
79	http://lsq.aksw.org/res/q-58c27f56	http://lsq.aksw.org/vocab#Query	PREFIX  semw: <http://data.semanticweb.org/>  SELECT  ?property ?value WHERE   { <http://data.semanticweb.org/person/sebastiano-vigna>               ?property  ?value   } 	http://lsq.aksw.org/res/sf-q-58c27f56	15						0	0	0	2	1	0	1
80	http://lsq.aksw.org/res/q-897440f0	http://lsq.aksw.org/vocab#Query	PREFIX  semw: <http://data.semanticweb.org/>  SELECT  ?property ?value WHERE   { <http://data.semanticweb.org/workshop/ordring/2011>               ?property  ?value   } 	http://lsq.aksw.org/res/sf-q-897440f0	15						0	0	0	2	1	0	1
81	http://lsq.aksw.org/res/q-9b214295	http://lsq.aksw.org/vocab#Query	PREFIX  semw: <http://data.semanticweb.org/>  SELECT  ?property ?value WHERE   { <http://data.semanticweb.org/person/trevor-martin>               ?property  ?value   } 	http://lsq.aksw.org/res/sf-q-9b214295	15						0	0	0	2	1	0	1
82	http://lsq.aksw.org/res/q-3e3204ad	http://lsq.aksw.org/vocab#Query	PREFIX  semw: <http://data.semanticweb.org/>  SELECT DISTINCT  ?p WHERE   { <http://data.semanticweb.org/person/harald-sack>               ?p  ?x   } 	http://lsq.aksw.org/res/sf-q-3e3204ad	15						0	0	0	1	1	1	1
83	http://lsq.aksw.org/res/q-4581c460	http://lsq.aksw.org/vocab#Query	PREFIX  semw: <http://data.semanticweb.org/>  SELECT DISTINCT  ?p WHERE   { <http://data.semanticweb.org/person/gang-wu>               ?p  ?x   } 	http://lsq.aksw.org/res/sf-q-4581c460	15						0	0	0	1	1	1	1
84	http://lsq.aksw.org/res/q-5ba7c718	http://lsq.aksw.org/vocab#Query	PREFIX  semw: <http://data.semanticweb.org/>  SELECT  ?property ?value WHERE   { <http://data.semanticweb.org/conference/iswc/2002/proceedings/paper-34>               ?property  ?value   } 	http://lsq.aksw.org/res/sf-q-5ba7c718	14						0	0	0	2	1	0	1
85	http://lsq.aksw.org/res/q-2335b1b2	http://lsq.aksw.org/vocab#Query	PREFIX  bibtex: <http://swrc.ontoware.org/ontology#>  SELECT DISTINCT  ?year WHERE   { ?s  bibtex:year  ?year } 	http://lsq.aksw.org/res/sf-q-2335b1b2	14						0	0	0	1	1	1	0
86	http://lsq.aksw.org/res/q-6d7b5000	http://lsq.aksw.org/vocab#Query	PREFIX  semw: <http://data.semanticweb.org/>  SELECT DISTINCT  ?p WHERE   { <http://data.semanticweb.org/person/gang-wang>               ?p  ?x   } 	http://lsq.aksw.org/res/sf-q-6d7b5000	14						0	0	0	1	1	1	1
87	http://lsq.aksw.org/res/q-707034fd	http://lsq.aksw.org/vocab#Query	PREFIX  swrc: <http://swrc.ontoware.org/ontology#>  SELECT DISTINCT  ?year WHERE   { ?s  swrc:year  ?year } 	http://lsq.aksw.org/res/sf-q-707034fd	14						0	0	0	1	1	1	0
88	http://lsq.aksw.org/res/q-935424d0	http://lsq.aksw.org/vocab#Query	PREFIX  semw: <http://data.semanticweb.org/>  SELECT DISTINCT  ?p WHERE   { <http://data.semanticweb.org/person/patrick-lambrix>               ?p  ?x   } 	http://lsq.aksw.org/res/sf-q-935424d0	14						0	0	0	1	1	1	1
89	http://lsq.aksw.org/res/q-4adacdce	http://lsq.aksw.org/vocab#Query	PREFIX  semw: <http://data.semanticweb.org/>  SELECT  ?property ?value WHERE   { <http://data.semanticweb.org/conference/iswc/2001/position-proceedings/paper-16>               ?property  ?value   } 	http://lsq.aksw.org/res/sf-q-4adacdce	13						0	0	0	2	1	0	1
90	http://lsq.aksw.org/res/q-6d4fa061	http://lsq.aksw.org/vocab#Query	PREFIX  semw: <http://data.semanticweb.org/>  SELECT DISTINCT  ?p WHERE   { <http://data.semanticweb.org/person/matthias-wagner>               ?p  ?x   } 	http://lsq.aksw.org/res/sf-q-6d4fa061	13						0	0	0	1	1	1	1
91	http://lsq.aksw.org/res/q-9e4c8f22	http://lsq.aksw.org/vocab#Query	PREFIX  rdf:  <http://www.w3.org/1999/02/22-rdf-syntax-ns#> PREFIX  foaf: <http://xmlns.com/foaf/0.1/>  SELECT DISTINCT  ?rangeClass WHERE   { ?obj2  rdf:type   ?rangeClass .     ?obj   foaf:made  ?obj2   } 	http://lsq.aksw.org/res/sf-q-9e4c8f22	13	2				2	2	2	1	1	2	1	0
92	http://lsq.aksw.org/res/q-67f46352	http://lsq.aksw.org/vocab#Query	PREFIX  semw: <http://data.semanticweb.org/>  SELECT DISTINCT  ?p WHERE   { <http://data.semanticweb.org/person/james-ressler>               ?p  ?x   } 	http://lsq.aksw.org/res/sf-q-67f46352	11						0	0	0	1	1	1	1
93	http://lsq.aksw.org/res/q-71aa5ecb	http://lsq.aksw.org/vocab#Query	PREFIX  semw: <http://data.semanticweb.org/>  SELECT DISTINCT  ?p WHERE   { <http://data.semanticweb.org/person/stratos-idreos>               ?p  ?x   } 	http://lsq.aksw.org/res/sf-q-71aa5ecb	11						0	0	0	1	1	1	1
94	http://lsq.aksw.org/res/q-edef8ce5	http://lsq.aksw.org/vocab#Query	PREFIX  semw: <http://data.semanticweb.org/>  SELECT DISTINCT  ?p WHERE   { <http://data.semanticweb.org/person/aaron-kershenbaum>               ?p  ?x   } 	http://lsq.aksw.org/res/sf-q-edef8ce5	11						0	0	0	1	1	1	1
95	http://lsq.aksw.org/res/q-e58b4b77	http://lsq.aksw.org/vocab#Query	PREFIX  semw: <http://data.semanticweb.org/>  SELECT  ?property ?value WHERE   { <http://data.semanticweb.org/person/jose-eduardo-talavera-herrera>               ?property  ?value   } 	http://lsq.aksw.org/res/sf-q-e58b4b77	10						0	0	0	2	1	0	1
96	http://lsq.aksw.org/res/q-9bf87d7c	http://lsq.aksw.org/vocab#Query	PREFIX  semw: <http://data.semanticweb.org/>  SELECT DISTINCT  ?p WHERE   { <http://data.semanticweb.org/person/shoji-kurakake>               ?p  ?x   } 	http://lsq.aksw.org/res/sf-q-9bf87d7c	10						0	0	0	1	1	1	1
97	http://lsq.aksw.org/res/q-a15084fc	http://lsq.aksw.org/vocab#Query	PREFIX  semw: <http://data.semanticweb.org/>  SELECT  ?property ?value WHERE   { <http://data.semanticweb.org/person/jerome-picault>               ?property  ?value   } 	http://lsq.aksw.org/res/sf-q-a15084fc	9						0	0	0	2	1	0	1
98	http://lsq.aksw.org/res/q-ef295ffd	http://lsq.aksw.org/vocab#Query	PREFIX  semw: <http://data.semanticweb.org/>  SELECT  ?property ?value WHERE   { <http://data.semanticweb.org/person/ayse-goker>               ?property  ?value   } 	http://lsq.aksw.org/res/sf-q-ef295ffd	9						0	0	0	2	1	0	1
99	http://lsq.aksw.org/res/q-f25d79a3	http://lsq.aksw.org/vocab#Query	PREFIX  semw: <http://data.semanticweb.org/>  SELECT  ?property ?value WHERE   { <http://data.semanticweb.org/conference/iswc/2013/session-3c/event-01>               ?property  ?value   } 	http://lsq.aksw.org/res/sf-q-f25d79a3	9						0	0	0	2	1	0	1
100	http://lsq.aksw.org/res/q-ee7f6892	http://lsq.aksw.org/vocab#Query	PREFIX  ical: <http://www.w3.org/2002/12/cal/icaltzd#> PREFIX  semw: <http://data.semanticweb.org/>  SELECT  ?e ?dt2 WHERE   { <http://data.semanticweb.org/workshop/usewod/2012>               <http://data.semanticweb.org/ns/swc/ontology#hasLocation>  ?l ;               ical:dtstart          ?dt1 .     ?e        <http://data.semanticweb.org/ns/swc/ontology#hasLocation>  ?l ;               ical:dtend            ?dt2   } 	http://lsq.aksw.org/res/sf-q-ee7f6892	9		2	2		2	2	2	4	2	4	0	0
101	http://lsq.aksw.org/res/q-9c5772f6	http://lsq.aksw.org/vocab#Query	PREFIX  rdf:  <http://www.w3.org/1999/02/22-rdf-syntax-ns#> PREFIX  foaf: <http://xmlns.com/foaf/0.1/>  SELECT DISTINCT  ?d ?e WHERE   { ?a  rdf:type  foaf:Organization .     ?c  rdf:type  ?d .     ?a  ?e        ?c   } 	http://lsq.aksw.org/res/sf-q-9c5772f6	9	2	2	2		2	2	2	3	2	3	1	1
102	http://lsq.aksw.org/res/q-8a5f0b32	http://lsq.aksw.org/vocab#Query	PREFIX  semw: <http://data.semanticweb.org/> PREFIX  swrc: <http://swrc.ontoware.org/ontology#> PREFIX  rdf:  <http://www.w3.org/1999/02/22-rdf-syntax-ns#> PREFIX  foaf: <http://xmlns.com/foaf/0.1/> PREFIX  dc:   <http://purl.org/dc/elements/1.1/>  SELECT DISTINCT  ?nombre ?tema ?Conferencia ?afiliate WHERE   { <http://data.semanticweb.org/person/abir-qasem>               rdf:type          foaf:Person ;               foaf:made         ?paper ;               foaf:name         ?nombre ;               swrc:affiliation  ?afiliacion .     ?paper    dc:title          ?tema .     ?afiliacion  foaf:name      ?afiliate   } 	http://lsq.aksw.org/res/sf-q-8a5f0b32	9	2	2	4		4	2.5	2	4	4	6	1	0
103	http://lsq.aksw.org/res/q-7fd16772	http://lsq.aksw.org/vocab#Query	PREFIX  semw: <http://data.semanticweb.org/>  SELECT  ?property ?value WHERE   { <http://data.semanticweb.org/conference/iswc/2012/social/dinner-2012-11-14>               ?property  ?value   } 	http://lsq.aksw.org/res/sf-q-7fd16772	8						0	0	0	2	1	0	1
104	http://lsq.aksw.org/res/q-403ab471	http://lsq.aksw.org/vocab#Query	PREFIX  semw: <http://data.semanticweb.org/>  SELECT DISTINCT  ?p WHERE   { <http://data.semanticweb.org/person/chuck-morris>               ?p  ?x   } 	http://lsq.aksw.org/res/sf-q-403ab471	8						0	0	0	1	1	1	1
105	http://lsq.aksw.org/res/q-4e4874e0	http://lsq.aksw.org/vocab#Query	PREFIX  semw: <http://data.semanticweb.org/>  SELECT DISTINCT  ?p WHERE   { <http://data.semanticweb.org/person/jing-zhang>               ?p  ?x   } 	http://lsq.aksw.org/res/sf-q-4e4874e0	8						0	0	0	1	1	1	1
106	http://lsq.aksw.org/res/q-58e0e36d	http://lsq.aksw.org/vocab#Query	PREFIX  semw: <http://data.semanticweb.org/>  SELECT DISTINCT  ?p WHERE   { <http://data.semanticweb.org/person/daniele-zanoni>               ?p  ?x   } 	http://lsq.aksw.org/res/sf-q-58e0e36d	8						0	0	0	1	1	1	1
107	http://lsq.aksw.org/res/q-69a5f4a4	http://lsq.aksw.org/vocab#Query	PREFIX  semw: <http://data.semanticweb.org/>  SELECT DISTINCT  ?p WHERE   { <http://data.semanticweb.org/person/arne-koesling>               ?p  ?x   } 	http://lsq.aksw.org/res/sf-q-69a5f4a4	8						0	0	0	1	1	1	1
108	http://lsq.aksw.org/res/q-6a14dd2c	http://lsq.aksw.org/vocab#Query	PREFIX  semw: <http://data.semanticweb.org/>  SELECT DISTINCT  ?p WHERE   { <http://data.semanticweb.org/person/juan-gomez-romero>               ?p  ?x   } 	http://lsq.aksw.org/res/sf-q-6a14dd2c	8						0	0	0	1	1	1	1
109	http://lsq.aksw.org/res/q-6c7c11f2	http://lsq.aksw.org/vocab#Query	PREFIX  semw: <http://data.semanticweb.org/>  SELECT DISTINCT  ?p WHERE   { <http://data.semanticweb.org/person/atsushi-togashi>               ?p  ?x   } 	http://lsq.aksw.org/res/sf-q-6c7c11f2	8						0	0	0	1	1	1	1
110	http://lsq.aksw.org/res/q-6db14ec8	http://lsq.aksw.org/vocab#Query	PREFIX  semw: <http://data.semanticweb.org/>  SELECT DISTINCT  ?p WHERE   { <http://data.semanticweb.org/person/daniel-giacomuzzi>               ?p  ?x   } 	http://lsq.aksw.org/res/sf-q-6db14ec8	8						0	0	0	1	1	1	1
111	http://lsq.aksw.org/res/q-778598b0	http://lsq.aksw.org/vocab#Query	PREFIX  semw: <http://data.semanticweb.org/>  SELECT DISTINCT  ?p WHERE   { <http://data.semanticweb.org/person/diana-trif>               ?p  ?x   } 	http://lsq.aksw.org/res/sf-q-778598b0	8						0	0	0	1	1	1	1
112	http://lsq.aksw.org/res/q-80872766	http://lsq.aksw.org/vocab#Query	PREFIX  semw: <http://data.semanticweb.org/>  SELECT DISTINCT  ?p WHERE   { <http://data.semanticweb.org/person/hyun-geun-park>               ?p  ?x   } 	http://lsq.aksw.org/res/sf-q-80872766	8						0	0	0	1	1	1	1
113	http://lsq.aksw.org/res/q-9f24431d	http://lsq.aksw.org/vocab#Query	PREFIX  semw: <http://data.semanticweb.org/>  SELECT DISTINCT  ?p WHERE   { <http://data.semanticweb.org/person/jigui-sun>               ?p  ?x   } 	http://lsq.aksw.org/res/sf-q-9f24431d	8						0	0	0	1	1	1	1
114	http://lsq.aksw.org/res/q-c5b4c838	http://lsq.aksw.org/vocab#Query	PREFIX  semw: <http://data.semanticweb.org/>  SELECT DISTINCT  ?p WHERE   { <http://data.semanticweb.org/person/mianwei-zhou>               ?p  ?x   } 	http://lsq.aksw.org/res/sf-q-c5b4c838	8						0	0	0	1	1	1	1
115	http://lsq.aksw.org/res/q-f425bec8	http://lsq.aksw.org/vocab#Query	PREFIX  semw: <http://data.semanticweb.org/>  SELECT DISTINCT  ?p WHERE   { <http://data.semanticweb.org/person/luc-barthelemy>               ?p  ?x   } 	http://lsq.aksw.org/res/sf-q-f425bec8	8						0	0	0	1	1	1	1
116	http://lsq.aksw.org/res/q-6cb8a1d5	http://lsq.aksw.org/vocab#Query	PREFIX  semw: <http://data.semanticweb.org/>  SELECT  ?property ?value WHERE   { <http://data.semanticweb.org/person/susanne-druener>               ?property  ?value   } 	http://lsq.aksw.org/res/sf-q-6cb8a1d5	7						0	0	0	2	1	0	1
117	http://lsq.aksw.org/res/q-921147c6	http://lsq.aksw.org/vocab#Query	PREFIX  semw: <http://data.semanticweb.org/>  SELECT  ?property ?value WHERE   { <http://data.semanticweb.org/person/andrea-tagarelli>               ?property  ?value   } 	http://lsq.aksw.org/res/sf-q-921147c6	7						0	0	0	2	1	0	1
118	http://lsq.aksw.org/res/q-f3678908	http://lsq.aksw.org/vocab#Query	PREFIX  semw: <http://data.semanticweb.org/>  SELECT  ?property ?value WHERE   { <http://data.semanticweb.org/person/william-bug>               ?property  ?value   } 	http://lsq.aksw.org/res/sf-q-f3678908	7						0	0	0	2	1	0	1
119	http://lsq.aksw.org/res/q-3344a7a2	http://lsq.aksw.org/vocab#Query	PREFIX  semw: <http://data.semanticweb.org/>  SELECT DISTINCT  ?p WHERE   { <http://data.semanticweb.org/person/carol-tullo>               ?p  ?x   } 	http://lsq.aksw.org/res/sf-q-3344a7a2	7						0	0	0	1	1	1	1
120	http://lsq.aksw.org/res/q-9abe5660	http://lsq.aksw.org/vocab#Query	PREFIX  semw: <http://data.semanticweb.org/>  SELECT DISTINCT  ?p WHERE   { <http://data.semanticweb.org/person/masahiro-hori>               ?p  ?x   } 	http://lsq.aksw.org/res/sf-q-9abe5660	7						0	0	0	1	1	1	1
121	http://lsq.aksw.org/res/q-e7e9f975	http://lsq.aksw.org/vocab#Query	PREFIX  semw: <http://data.semanticweb.org/> PREFIX  foaf: <http://xmlns.com/foaf/0.1/>  SELECT DISTINCT  ?nombre ?afiname ?afiliacion WHERE   { <http://data.semanticweb.org/organization/university-of-zurich>               foaf:name  ?afiname   } 	http://lsq.aksw.org/res/sf-q-e7e9f975	7						0	0	0	3	1	1	0
122	http://lsq.aksw.org/res/q-687744e7	http://lsq.aksw.org/vocab#Query	PREFIX  rdf:  <http://www.w3.org/1999/02/22-rdf-syntax-ns#> PREFIX  semw: <http://data.semanticweb.org/>  SELECT DISTINCT  ?d ?e WHERE   { ?a  rdf:type  <http://data.semanticweb.org/ns/swc/ontology#ProgrammeCommitteeMember> .     ?c  rdf:type  ?d .     ?a  ?e        ?c   } 	http://lsq.aksw.org/res/sf-q-687744e7	7	2	2	2		2	2	2	3	2	3	1	1
123	http://lsq.aksw.org/res/q-82fb96fb	http://lsq.aksw.org/vocab#Query	PREFIX  semw: <http://data.semanticweb.org/>  SELECT  ?property ?value WHERE   { <http://data.semanticweb.org/person/bernhard-ganter>               ?property  ?value   } 	http://lsq.aksw.org/res/sf-q-82fb96fb	6						0	0	0	2	1	0	1
124	http://lsq.aksw.org/res/q-90eb2e60	http://lsq.aksw.org/vocab#Query	PREFIX  semw: <http://data.semanticweb.org/>  SELECT  ?property ?value WHERE   { <http://data.semanticweb.org/person/alexiei-dingli>               ?property  ?value   } 	http://lsq.aksw.org/res/sf-q-90eb2e60	6						0	0	0	2	1	0	1
125	http://lsq.aksw.org/res/q-9305ae89	http://lsq.aksw.org/vocab#Query	PREFIX  semw: <http://data.semanticweb.org/>  SELECT  ?property ?value WHERE   { <http://data.semanticweb.org/person/wilma-penzo>               ?property  ?value   } 	http://lsq.aksw.org/res/sf-q-9305ae89	6						0	0	0	2	1	0	1
126	http://lsq.aksw.org/res/q-ef2b7e40	http://lsq.aksw.org/vocab#Query	PREFIX  semw: <http://data.semanticweb.org/>  SELECT  ?property ?value WHERE   { <http://data.semanticweb.org/conference/iswc/2013/track/doctoral-consortium/session2/event-02>               ?property  ?value   } 	http://lsq.aksw.org/res/sf-q-ef2b7e40	6						0	0	0	2	1	0	1
127	http://lsq.aksw.org/res/q-f42efbb6	http://lsq.aksw.org/vocab#Query	PREFIX  semw: <http://data.semanticweb.org/>  SELECT  ?property ?value WHERE   { <http://data.semanticweb.org/person/antti-vehvilaeinen>               ?property  ?value   } 	http://lsq.aksw.org/res/sf-q-f42efbb6	6						0	0	0	2	1	0	1
128	http://lsq.aksw.org/res/q-3272d38f	http://lsq.aksw.org/vocab#Query	PREFIX  semw: <http://data.semanticweb.org/>  SELECT  ?property ?value WHERE   { <http://data.semanticweb.org/conference/www/2011/paper/parallel-boosted-regression-trees-for-web-search-r/authors>               ?property  ?value   } 	http://lsq.aksw.org/res/sf-q-3272d38f	5						0	0	0	2	1	0	1
129	http://lsq.aksw.org/res/q-45a801fe	http://lsq.aksw.org/vocab#Query	PREFIX  semw: <http://data.semanticweb.org/>  SELECT  ?property ?value WHERE   { <http://data.semanticweb.org/conference/iswc/2010/paper/84/authorlist>               ?property  ?value   } 	http://lsq.aksw.org/res/sf-q-45a801fe	5						0	0	0	2	1	0	1
130	http://lsq.aksw.org/res/q-6877f020	http://lsq.aksw.org/vocab#Query	PREFIX  semw: <http://data.semanticweb.org/>  SELECT  ?property ?value WHERE   { <http://data.semanticweb.org/person/joachim-wermter>               ?property  ?value   } 	http://lsq.aksw.org/res/sf-q-6877f020	5						0	0	0	2	1	0	1
131	http://lsq.aksw.org/res/q-7f84552f	http://lsq.aksw.org/vocab#Query	PREFIX  semw: <http://data.semanticweb.org/>  SELECT  ?property ?value WHERE   { <http://data.semanticweb.org/person/michael-wick>               ?property  ?value   } 	http://lsq.aksw.org/res/sf-q-7f84552f	5						0	0	0	2	1	0	1
132	http://lsq.aksw.org/res/q-f582f960	http://lsq.aksw.org/vocab#Query	PREFIX  semw: <http://data.semanticweb.org/>  SELECT  ?property ?value WHERE   { <http://data.semanticweb.org/organization/institute-for-theoretical-computer-science>               ?property  ?value   } 	http://lsq.aksw.org/res/sf-q-f582f960	5						0	0	0	2	1	0	1
133	http://lsq.aksw.org/res/q-44edbe61	http://lsq.aksw.org/vocab#Query	PREFIX  rdf:  <http://www.w3.org/1999/02/22-rdf-syntax-ns#> PREFIX  semw: <http://data.semanticweb.org/>  SELECT DISTINCT  ?d ?e WHERE   { ?a  rdf:type  <http://data.semanticweb.org/ns/swc/ontology#ConferenceOpeningEvent> .     ?c  rdf:type  ?d .     ?a  ?e        ?c   } 	http://lsq.aksw.org/res/sf-q-44edbe61	5	2	2	2		2	2	2	3	2	3	1	1
134	http://lsq.aksw.org/res/q-312b9bf8	http://lsq.aksw.org/vocab#Query	PREFIX  semw: <http://data.semanticweb.org/>  SELECT  ?property ?value WHERE   { <http://data.semanticweb.org/person/laurel-tarulli>               ?property  ?value   } 	http://lsq.aksw.org/res/sf-q-312b9bf8	4						0	0	0	2	1	0	1
135	http://lsq.aksw.org/res/q-32cf4768	http://lsq.aksw.org/vocab#Query	PREFIX  semw: <http://data.semanticweb.org/>  SELECT  ?property ?value WHERE   { <http://data.semanticweb.org/conference/iswc/2002/session-07/session-chair>               ?property  ?value   } 	http://lsq.aksw.org/res/sf-q-32cf4768	4						0	0	0	2	1	0	1
136	http://lsq.aksw.org/res/q-5a755c96	http://lsq.aksw.org/vocab#Query	PREFIX  semw: <http://data.semanticweb.org/>  SELECT  ?property ?value WHERE   { <http://data.semanticweb.org/workshop/ssws/2013/proceedings/paper-05/author_list>               ?property  ?value   } 	http://lsq.aksw.org/res/sf-q-5a755c96	4						0	0	0	2	1	0	1
137	http://lsq.aksw.org/res/q-6a8c7d75	http://lsq.aksw.org/vocab#Query	PREFIX  semw: <http://data.semanticweb.org/>  SELECT  ?property ?value WHERE   { <http://data.semanticweb.org/organization/uniwersytet-im-adama-mickiewicza-poznan>               ?property  ?value   } 	http://lsq.aksw.org/res/sf-q-6a8c7d75	4						0	0	0	2	1	0	1
138	http://lsq.aksw.org/res/q-6efb7a8c	http://lsq.aksw.org/vocab#Query	PREFIX  semw: <http://data.semanticweb.org/>  SELECT  ?property ?value WHERE   { <http://data.semanticweb.org/conference/iswc/2004/poster-proceedings/paper-14/author_list>               ?property  ?value   } 	http://lsq.aksw.org/res/sf-q-6efb7a8c	4						0	0	0	2	1	0	1
139	http://lsq.aksw.org/res/q-c9cd9879	http://lsq.aksw.org/vocab#Query	PREFIX  semw: <http://data.semanticweb.org/>  SELECT  ?property ?value WHERE   { <http://data.semanticweb.org/person/margaret-devey>               ?property  ?value   } 	http://lsq.aksw.org/res/sf-q-c9cd9879	4						0	0	0	2	1	0	1
140	http://lsq.aksw.org/res/q-ee142acb	http://lsq.aksw.org/vocab#Query	PREFIX  semw: <http://data.semanticweb.org/>  SELECT  ?property ?value WHERE   { <http://data.semanticweb.org/organization/university-of-hildesheim-dfki>               ?property  ?value   } 	http://lsq.aksw.org/res/sf-q-ee142acb	4						0	0	0	2	1	0	1
141	http://lsq.aksw.org/res/q-01883ce3	http://lsq.aksw.org/vocab#Query	PREFIX  rdf:  <http://www.w3.org/1999/02/22-rdf-syntax-ns#> PREFIX  semw: <http://data.semanticweb.org/>  SELECT DISTINCT  ?d ?e WHERE   { ?a  rdf:type  <http://data.semanticweb.org/ns/swc/ontology#Reception> .     ?c  rdf:type  ?d .     ?a  ?e        ?c   } 	http://lsq.aksw.org/res/sf-q-01883ce3	4	2	2	2		2	2	2	3	2	3	1	1
142	http://lsq.aksw.org/res/q-0fe6efba	http://lsq.aksw.org/vocab#Query	PREFIX  rdf:  <http://www.w3.org/1999/02/22-rdf-syntax-ns#> PREFIX  semw: <http://data.semanticweb.org/>  SELECT DISTINCT  ?d ?e WHERE   { ?a  rdf:type  <http://data.semanticweb.org/ns/swc/ontology#Role> .     ?c  rdf:type  ?d .     ?a  ?e        ?c   } 	http://lsq.aksw.org/res/sf-q-0fe6efba	4	2	2	2		2	2	2	3	2	3	1	1
143	http://lsq.aksw.org/res/q-7933b6e4	http://lsq.aksw.org/vocab#Query	PREFIX  semw: <http://data.semanticweb.org/> PREFIX  rdfs: <http://www.w3.org/2000/01/rdf-schema#>  SELECT DISTINCT  ?name WHERE   { <http://data.semanticweb.org/organization/bristol-university>               rdfs:label  ?name   } 	http://lsq.aksw.org/res/sf-q-7933b6e4	3						0	0	0	1	1	1	0
144	http://lsq.aksw.org/res/q-44d535a6	http://lsq.aksw.org/vocab#Query	PREFIX  ical: <http://www.w3.org/2002/12/cal/ical#> PREFIX  rdf:  <http://www.w3.org/1999/02/22-rdf-syntax-ns#>  SELECT DISTINCT  ?dClass WHERE   { ?inst  ical:description  ?val ;            rdf:type          ?dClass   } 	http://lsq.aksw.org/res/sf-q-44d535a6	3			2		2	2	2	1	1	2	1	0
145	http://lsq.aksw.org/res/q-0f2df62f	http://lsq.aksw.org/vocab#Query	PREFIX  rdf:  <http://www.w3.org/1999/02/22-rdf-syntax-ns#> PREFIX  semw: <http://data.semanticweb.org/>  SELECT DISTINCT  ?d ?e WHERE   { ?a  rdf:type  <http://data.semanticweb.org/ns/swc/ontology#WorkshopChair> .     ?c  rdf:type  ?d .     ?a  ?e        ?c   } 	http://lsq.aksw.org/res/sf-q-0f2df62f	3	2	2	2		2	2	2	3	2	3	1	1
146	http://lsq.aksw.org/res/q-42386494	http://lsq.aksw.org/vocab#Query	PREFIX  semw: <http://data.semanticweb.org/>  SELECT  ?property ?value WHERE   { <http://data.semanticweb.org/conference/iswc/2012/proceedings-1/paper-15/author_list>               ?property  ?value   } 	http://lsq.aksw.org/res/sf-q-42386494	2						0	0	0	2	1	0	1
147	http://lsq.aksw.org/res/q-a01cc23d	http://lsq.aksw.org/vocab#Query	PREFIX  semw: <http://data.semanticweb.org/>  SELECT  ?property ?value WHERE   { <http://data.semanticweb.org/conference/dh/2010/abstracts/paper/ab-865/authors>               ?property  ?value   } 	http://lsq.aksw.org/res/sf-q-a01cc23d	2						0	0	0	2	1	0	1
148	http://lsq.aksw.org/res/q-c675df9d	http://lsq.aksw.org/vocab#Query	PREFIX  semw: <http://data.semanticweb.org/>  SELECT  ?property ?value WHERE   { <http://data.semanticweb.org/conference/www/2011/location/h-06>               ?property  ?value   } 	http://lsq.aksw.org/res/sf-q-c675df9d	2						0	0	0	2	1	0	1
149	http://lsq.aksw.org/res/q-e6104495	http://lsq.aksw.org/vocab#Query	PREFIX  semw: <http://data.semanticweb.org/>  SELECT  ?property ?value WHERE   { <http://data.semanticweb.org/conference/rr/2011/short/243/authors>               ?property  ?value   } 	http://lsq.aksw.org/res/sf-q-e6104495	2						0	0	0	2	1	0	1
150	http://lsq.aksw.org/res/q-04863c90	http://lsq.aksw.org/vocab#Query	PREFIX  rdf:  <http://www.w3.org/1999/02/22-rdf-syntax-ns#> PREFIX  semw: <http://data.semanticweb.org/>  SELECT DISTINCT  ?d ?e WHERE   { ?a  rdf:type  <http://data.semanticweb.org/ns/swc/ontology#DogfoodTsar> .     ?c  rdf:type  ?d .     ?a  ?e        ?c   } 	http://lsq.aksw.org/res/sf-q-04863c90	2	2	2	2		2	2	2	3	2	3	1	1
151	http://lsq.aksw.org/res/q-0e94e7b9	http://lsq.aksw.org/vocab#Query	PREFIX  rdf:  <http://www.w3.org/1999/02/22-rdf-syntax-ns#> PREFIX  semw: <http://data.semanticweb.org/>  SELECT DISTINCT  ?d ?e WHERE   { ?a  rdf:type  <http://data.semanticweb.org/ns/swc/ontology#ProgrammeChair> .     ?c  rdf:type  ?d .     ?a  ?e        ?c   } 	http://lsq.aksw.org/res/sf-q-0e94e7b9	2	2	2	2		2	2	2	3	2	3	1	1
152	http://lsq.aksw.org/res/q-432888f7	http://lsq.aksw.org/vocab#Query	PREFIX  rdf:  <http://www.w3.org/1999/02/22-rdf-syntax-ns#> PREFIX  semw: <http://data.semanticweb.org/>  SELECT DISTINCT  ?d ?e WHERE   { ?a  rdf:type  <http://data.semanticweb.org/ns/swc/ontology#IndustryChair> .     ?c  rdf:type  ?d .     ?a  ?e        ?c   } 	http://lsq.aksw.org/res/sf-q-432888f7	2	2	2	2		2	2	2	3	2	3	1	1
153	http://lsq.aksw.org/res/q-65c60501	http://lsq.aksw.org/vocab#Query	PREFIX  rdf:  <http://www.w3.org/1999/02/22-rdf-syntax-ns#> PREFIX  semw: <http://data.semanticweb.org/>  SELECT DISTINCT  ?d ?e WHERE   { ?a  rdf:type  <http://data.semanticweb.org/ns/swc/ontology#LocalOrganiser> .     ?c  rdf:type  ?d .     ?a  ?e        ?c   } 	http://lsq.aksw.org/res/sf-q-65c60501	2	2	2	2		2	2	2	3	2	3	1	1
154	http://lsq.aksw.org/res/q-6b2946eb	http://lsq.aksw.org/vocab#Query	PREFIX  rdf:  <http://www.w3.org/1999/02/22-rdf-syntax-ns#> PREFIX  semw: <http://data.semanticweb.org/>  SELECT DISTINCT  ?d ?e WHERE   { ?a  rdf:type  <http://data.semanticweb.org/ns/swc/ontology#DemoChair> .     ?c  rdf:type  ?d .     ?a  ?e        ?c   } 	http://lsq.aksw.org/res/sf-q-6b2946eb	2	2	2	2		2	2	2	3	2	3	1	1
155	http://lsq.aksw.org/res/q-6fd558ca	http://lsq.aksw.org/vocab#Query	PREFIX  rdf:  <http://www.w3.org/1999/02/22-rdf-syntax-ns#> PREFIX  semw: <http://data.semanticweb.org/>  SELECT DISTINCT  ?d ?e WHERE   { ?a  rdf:type  <http://data.semanticweb.org/ns/swc/ontology#PhDSymposiumChair> .     ?c  rdf:type  ?d .     ?a  ?e        ?c   } 	http://lsq.aksw.org/res/sf-q-6fd558ca	2	2	2	2		2	2	2	3	2	3	1	1
156	http://lsq.aksw.org/res/q-9d422988	http://lsq.aksw.org/vocab#Query	PREFIX  rdf:  <http://www.w3.org/1999/02/22-rdf-syntax-ns#> PREFIX  semw: <http://data.semanticweb.org/>  SELECT DISTINCT  ?d ?e WHERE   { ?a  rdf:type  <http://data.semanticweb.org/ns/swc/ontology#SWChallengeChair> .     ?c  rdf:type  ?d .     ?a  ?e        ?c   } 	http://lsq.aksw.org/res/sf-q-9d422988	2	2	2	2		2	2	2	3	2	3	1	1
157	http://lsq.aksw.org/res/q-9e9cf038	http://lsq.aksw.org/vocab#Query	PREFIX  rdf:  <http://www.w3.org/1999/02/22-rdf-syntax-ns#> PREFIX  semw: <http://data.semanticweb.org/>  SELECT DISTINCT  ?d ?e WHERE   { ?a  rdf:type  <http://data.semanticweb.org/ns/swc/ontology#GeneralChair> .     ?c  rdf:type  ?d .     ?a  ?e        ?c   } 	http://lsq.aksw.org/res/sf-q-9e9cf038	2	2	2	2		2	2	2	3	2	3	1	1
158	http://lsq.aksw.org/res/q-e8273ee3	http://lsq.aksw.org/vocab#Query	PREFIX  rdf:  <http://www.w3.org/1999/02/22-rdf-syntax-ns#> PREFIX  semw: <http://data.semanticweb.org/>  SELECT DISTINCT  ?d ?e WHERE   { ?a  rdf:type  <http://data.semanticweb.org/ns/swc/ontology#PanelsChair> .     ?c  rdf:type  ?d .     ?a  ?e        ?c   } 	http://lsq.aksw.org/res/sf-q-e8273ee3	2	2	2	2		2	2	2	3	2	3	1	1
159	http://lsq.aksw.org/res/q-eef88252	http://lsq.aksw.org/vocab#Query	PREFIX  rdf:  <http://www.w3.org/1999/02/22-rdf-syntax-ns#> PREFIX  semw: <http://data.semanticweb.org/>  SELECT DISTINCT  ?d ?e WHERE   { ?a  rdf:type  <http://data.semanticweb.org/ns/swc/ontology#DoctoralConsortiumChair> .     ?c  rdf:type  ?d .     ?a  ?e        ?c   } 	http://lsq.aksw.org/res/sf-q-eef88252	2	2	2	2		2	2	2	3	2	3	1	1
160	http://lsq.aksw.org/res/q-f01860be	http://lsq.aksw.org/vocab#Query	PREFIX  rdf:  <http://www.w3.org/1999/02/22-rdf-syntax-ns#> PREFIX  semw: <http://data.semanticweb.org/>  SELECT DISTINCT  ?d ?e WHERE   { ?a  rdf:type  <http://data.semanticweb.org/ns/swc/ontology#GeneralViceChair> .     ?c  rdf:type  ?d .     ?a  ?e        ?c   } 	http://lsq.aksw.org/res/sf-q-f01860be	2	2	2	2		2	2	2	3	2	3	1	1
161	http://lsq.aksw.org/res/q-f3f05919	http://lsq.aksw.org/vocab#Query	PREFIX  rdf:  <http://www.w3.org/1999/02/22-rdf-syntax-ns#> PREFIX  semw: <http://data.semanticweb.org/>  SELECT DISTINCT  ?d ?e WHERE   { ?a  rdf:type  <http://data.semanticweb.org/ns/swc/ontology#SponsorshipManagers> .     ?c  rdf:type  ?d .     ?a  ?e        ?c   } 	http://lsq.aksw.org/res/sf-q-f3f05919	2	2	2	2		2	2	2	3	2	3	1	1
162	http://lsq.aksw.org/res/q-f3fc3fb8	http://lsq.aksw.org/vocab#Query	PREFIX  rdf:  <http://www.w3.org/1999/02/22-rdf-syntax-ns#> PREFIX  semw: <http://data.semanticweb.org/>  SELECT DISTINCT  ?d ?e WHERE   { ?a  rdf:type  <http://data.semanticweb.org/ns/swc/ontology#IW3C2Liaison> .     ?c  rdf:type  ?d .     ?a  ?e        ?c   } 	http://lsq.aksw.org/res/sf-q-f3fc3fb8	2	2	2	2		2	2	2	3	2	3	1	1
163	http://lsq.aksw.org/res/q-f4121029	http://lsq.aksw.org/vocab#Query	PREFIX  rdf:  <http://www.w3.org/1999/02/22-rdf-syntax-ns#> PREFIX  semw: <http://data.semanticweb.org/>  SELECT DISTINCT  ?d ?e WHERE   { ?a  rdf:type  <http://data.semanticweb.org/ns/swc/ontology#ConferencePCO> .     ?c  rdf:type  ?d .     ?a  ?e        ?c   } 	http://lsq.aksw.org/res/sf-q-f4121029	2	2	2	2		2	2	2	3	2	3	1	1
164	http://lsq.aksw.org/res/q-23d6258a	http://lsq.aksw.org/vocab#Query	PREFIX  semw: <http://data.semanticweb.org/> PREFIX  foaf: <http://xmlns.com/foaf/0.1/>  SELECT  ?o WHERE   { <http://data.semanticweb.org/organization/columbia-university>               foaf:name  ?o   } 	http://lsq.aksw.org/res/sf-q-23d6258a	1						0	0	0	1	1	0	0
165	http://lsq.aksw.org/res/q-4ac81291	http://lsq.aksw.org/vocab#Query	PREFIX  semw: <http://data.semanticweb.org/> PREFIX  foaf: <http://xmlns.com/foaf/0.1/>  SELECT  ?o WHERE   { <http://data.semanticweb.org/organization/north-carolina-state-university>               foaf:name  ?o   } 	http://lsq.aksw.org/res/sf-q-4ac81291	1						0	0	0	1	1	0	0
166	http://lsq.aksw.org/res/q-64ffb3a8	http://lsq.aksw.org/vocab#Query	PREFIX  semw: <http://data.semanticweb.org/> PREFIX  foaf: <http://xmlns.com/foaf/0.1/>  SELECT  ?o WHERE   { <http://data.semanticweb.org/organization/university-of-waterloo>               foaf:name  ?o   } 	http://lsq.aksw.org/res/sf-q-64ffb3a8	1						0	0	0	1	1	0	0
167	http://lsq.aksw.org/res/q-77c714ac	http://lsq.aksw.org/vocab#Query	PREFIX  semw: <http://data.semanticweb.org/> PREFIX  foaf: <http://xmlns.com/foaf/0.1/>  SELECT  ?o WHERE   { <http://data.semanticweb.org/organization/vanderbilt-university>               foaf:name  ?o   } 	http://lsq.aksw.org/res/sf-q-77c714ac	1						0	0	0	1	1	0	0
168	http://lsq.aksw.org/res/q-78f62c9e	http://lsq.aksw.org/vocab#Query	PREFIX  semw: <http://data.semanticweb.org/> PREFIX  foaf: <http://xmlns.com/foaf/0.1/>  SELECT  ?o WHERE   { <http://data.semanticweb.org/organization/university-of-hildesheim>               foaf:name  ?o   } 	http://lsq.aksw.org/res/sf-q-78f62c9e	1						0	0	0	1	1	0	0
169	http://lsq.aksw.org/res/q-8a0e1423	http://lsq.aksw.org/vocab#Query	PREFIX  semw: <http://data.semanticweb.org/> PREFIX  foaf: <http://xmlns.com/foaf/0.1/>  SELECT  ?o WHERE   { <http://data.semanticweb.org/organization/utah-state-university>               foaf:name  ?o   } 	http://lsq.aksw.org/res/sf-q-8a0e1423	1						0	0	0	1	1	0	0
170	http://lsq.aksw.org/res/q-928c3889	http://lsq.aksw.org/vocab#Query	PREFIX  semw: <http://data.semanticweb.org/> PREFIX  foaf: <http://xmlns.com/foaf/0.1/>  SELECT  ?o WHERE   { <http://data.semanticweb.org/organization/university-of-colorado>               foaf:name  ?o   } 	http://lsq.aksw.org/res/sf-q-928c3889	1						0	0	0	1	1	0	0
171	http://lsq.aksw.org/res/q-94ed91f7	http://lsq.aksw.org/vocab#Query	PREFIX  semw: <http://data.semanticweb.org/> PREFIX  foaf: <http://xmlns.com/foaf/0.1/>  SELECT  ?o WHERE   { <http://data.semanticweb.org/organization/rice-university>               foaf:name  ?o   } 	http://lsq.aksw.org/res/sf-q-94ed91f7	1						0	0	0	1	1	0	0
172	http://lsq.aksw.org/res/q-9f0538fd	http://lsq.aksw.org/vocab#Query	PREFIX  semw: <http://data.semanticweb.org/> PREFIX  foaf: <http://xmlns.com/foaf/0.1/>  SELECT  ?o WHERE   { <http://data.semanticweb.org/organization/florida-state-university>               foaf:name  ?o   } 	http://lsq.aksw.org/res/sf-q-9f0538fd	1						0	0	0	1	1	0	0
173	http://lsq.aksw.org/res/q-f538f5a0	http://lsq.aksw.org/vocab#Query	PREFIX  semw: <http://data.semanticweb.org/> PREFIX  foaf: <http://xmlns.com/foaf/0.1/>  SELECT  ?o WHERE   { <http://data.semanticweb.org/organization/university-of-georgia>               foaf:name  ?o   } 	http://lsq.aksw.org/res/sf-q-f538f5a0	1						0	0	0	1	1	0	0
174	http://lsq.aksw.org/res/q-3da71087	http://lsq.aksw.org/vocab#Query	SELECT  ?property ?value WHERE   { <http://www.ifi.unizh.ch/cl/kalju>               ?property  ?value   } 	http://lsq.aksw.org/res/sf-q-3da71087	1						0	0	0	2	1	0	1
175	http://lsq.aksw.org/res/q-673b8989	http://lsq.aksw.org/vocab#Query	SELECT  ?property ?value WHERE   { <http://www.ordnancesurvey.co.uk/research>               ?property  ?value   } 	http://lsq.aksw.org/res/sf-q-673b8989	1						0	0	0	2	1	0	1
176	http://lsq.aksw.org/res/q-68056676	http://lsq.aksw.org/vocab#Query	SELECT  ?property ?value WHERE   { <http://www.eswc2007.org/pdf/eswc07-albertsen.pdf>               ?property  ?value   } 	http://lsq.aksw.org/res/sf-q-68056676	1						0	0	0	2	1	0	1
177	http://lsq.aksw.org/res/q-6945977c	http://lsq.aksw.org/vocab#Query	SELECT  ?s ?p WHERE   { ?s  ?p  "DuCharme" } 	http://lsq.aksw.org/res/sf-q-6945977c	1						0	0	0	2	1	0	1
178	http://lsq.aksw.org/res/q-6e6bd626	http://lsq.aksw.org/vocab#Query	SELECT  ?property ?value WHERE   { <http://www.cimiano.de>               ?property  ?value   } 	http://lsq.aksw.org/res/sf-q-6e6bd626	1						0	0	0	2	1	0	1
179	http://lsq.aksw.org/res/q-6ea98dfe	http://lsq.aksw.org/vocab#Query	SELECT  ?property ?value WHERE   { <http://www.eswc2007.org/pdf/eswc07-sazedj.pdf>               ?property  ?value   } 	http://lsq.aksw.org/res/sf-q-6ea98dfe	1						0	0	0	2	1	0	1
180	http://lsq.aksw.org/res/q-7014126e	http://lsq.aksw.org/vocab#Query	SELECT  ?property ?value WHERE   { <http://centria.di.fct.unl.pt/~jja>               ?property  ?value   } 	http://lsq.aksw.org/res/sf-q-7014126e	1						0	0	0	2	1	0	1
181	http://lsq.aksw.org/res/q-77e47111	http://lsq.aksw.org/vocab#Query	SELECT  ?property ?value WHERE   { <http://www.eswc2007.org/pdf/eswc07-brachman.pdf>               ?property  ?value   } 	http://lsq.aksw.org/res/sf-q-77e47111	1						0	0	0	2	1	0	1
182	http://lsq.aksw.org/res/q-798d88a7	http://lsq.aksw.org/vocab#Query	SELECT  ?property ?value WHERE   { <http://kmi.open.ac.uk/people/mathieu/>               ?property  ?value   } 	http://lsq.aksw.org/res/sf-q-798d88a7	1						0	0	0	2	1	0	1
183	http://lsq.aksw.org/res/q-8a022df3	http://lsq.aksw.org/vocab#Query	SELECT  ?property ?value WHERE   { <http://www.partners.org/cird/AboutUs.asp?cBox=Staff&stAb=vik>               ?property  ?value   } 	http://lsq.aksw.org/res/sf-q-8a022df3	1						0	0	0	2	1	0	1
184	http://lsq.aksw.org/res/q-910625d5	http://lsq.aksw.org/vocab#Query	SELECT  ?property ?value WHERE   { <http://www.governatori.net>               ?property  ?value   } 	http://lsq.aksw.org/res/sf-q-910625d5	1						0	0	0	2	1	0	1
185	http://lsq.aksw.org/res/q-91af96c7	http://lsq.aksw.org/vocab#Query	SELECT  ?property ?value WHERE   { <http://www.eswc2007.org/pdf/eswc07-vrandecic.pdf>               ?property  ?value   } 	http://lsq.aksw.org/res/sf-q-91af96c7	1						0	0	0	2	1	0	1
186	http://lsq.aksw.org/res/q-ee819c65	http://lsq.aksw.org/vocab#Query	SELECT  ?property ?value WHERE   { <http://www.sts.tu-harburg.de/~at.kaya/>               ?property  ?value   } 	http://lsq.aksw.org/res/sf-q-ee819c65	1						0	0	0	2	1	0	1
187	http://lsq.aksw.org/res/q-f024a034	http://lsq.aksw.org/vocab#Query	PREFIX  rdfs: <http://www.w3.org/2000/01/rdf-schema#>  SELECT  * WHERE   { ?subclass  rdfs:subClassOf  ?superclass } 	http://lsq.aksw.org/res/sf-q-f024a034	1						0	0	0	2	1	0	0
188	http://lsq.aksw.org/res/q-4e12c23e	http://lsq.aksw.org/vocab#Query	PREFIX  dcterms: <http://purl.org/dc/terms/>  SELECT DISTINCT  ?p WHERE   { ?s  dcterms:subject  ?o } 	http://lsq.aksw.org/res/sf-q-4e12c23e	1						0	0	0	1	1	1	0
189	http://lsq.aksw.org/res/q-6955683b	http://lsq.aksw.org/vocab#Query	PREFIX  bibtex: <http://swrc.ontoware.org/ontology#> PREFIX  rdfs: <http://www.w3.org/2000/01/rdf-schema#>  SELECT DISTINCT  ?a WHERE   { bibtex:ResearchTopic               rdfs:subClassOf  ?a   } 	http://lsq.aksw.org/res/sf-q-6955683b	1						0	0	0	1	1	1	0
190	http://lsq.aksw.org/res/q-6b92cbb6	http://lsq.aksw.org/vocab#Query	PREFIX  semw: <http://data.semanticweb.org/> PREFIX  rdfs: <http://www.w3.org/2000/01/rdf-schema#>  SELECT DISTINCT  ?name WHERE   { <http://data.semanticweb.org/organization/university-of-bristol>               rdfs:label  ?name   } 	http://lsq.aksw.org/res/sf-q-6b92cbb6	1						0	0	0	1	1	1	0
191	http://lsq.aksw.org/res/q-76d59b23	http://lsq.aksw.org/vocab#Query	PREFIX  semw: <http://data.semanticweb.org/> PREFIX  rdfs: <http://www.w3.org/2000/01/rdf-schema#>  SELECT DISTINCT  ?name WHERE   { <http://data.semanticweb.org/organization/university-of-queensland>               rdfs:label  ?name   } 	http://lsq.aksw.org/res/sf-q-76d59b23	1						0	0	0	1	1	1	0
192	http://lsq.aksw.org/res/q-99a3452b	http://lsq.aksw.org/vocab#Query	PREFIX  semw: <http://data.semanticweb.org/> PREFIX  rdfs: <http://www.w3.org/2000/01/rdf-schema#>  SELECT DISTINCT  ?name WHERE   { <http://data.semanticweb.org/organization/saarland-university>               rdfs:label  ?name   } 	http://lsq.aksw.org/res/sf-q-99a3452b	1						0	0	0	1	1	1	0
193	http://lsq.aksw.org/res/q-9a575599	http://lsq.aksw.org/vocab#Query	PREFIX  foaf: <http://xmlns.com/foaf/0.1/>  SELECT DISTINCT  ?p WHERE   { ?s  foaf:lastName  ?o } 	http://lsq.aksw.org/res/sf-q-9a575599	1						0	0	0	1	1	1	0
194	http://lsq.aksw.org/res/q-9d795583	http://lsq.aksw.org/vocab#Query	PREFIX  rdfs: <http://www.w3.org/2000/01/rdf-schema#> PREFIX  swrc: <http://swrc.ontoware.org/ontology#>  SELECT DISTINCT  ?a WHERE   { swrc:ResearchTopic               rdfs:subClassOf  ?a   } 	http://lsq.aksw.org/res/sf-q-9d795583	1						0	0	0	1	1	1	0
195	http://lsq.aksw.org/res/q-236ff270	http://lsq.aksw.org/vocab#Query	PREFIX  rdf:  <http://www.w3.org/1999/02/22-rdf-syntax-ns#> PREFIX  semw: <http://data.semanticweb.org/>  SELECT DISTINCT  ?d ?e WHERE   { ?a  rdf:type  <http://data.semanticweb.org/ns/swc/ontology#Programme> .     ?c  rdf:type  ?d .     ?a  ?e        ?c   } 	http://lsq.aksw.org/res/sf-q-236ff270	1	2	2	2		2	2	2	3	2	3	1	1
196	http://lsq.aksw.org/res/q-40472b25	http://lsq.aksw.org/vocab#Query	PREFIX  rdf:  <http://www.w3.org/1999/02/22-rdf-syntax-ns#> PREFIX  semw: <http://data.semanticweb.org/>  SELECT DISTINCT  ?d ?e WHERE   { ?a  rdf:type  <http://data.semanticweb.org/ns/swc/ontology#Place> .     ?c  rdf:type  ?d .     ?a  ?e        ?c   } 	http://lsq.aksw.org/res/sf-q-40472b25	1	2	2	2		2	2	2	3	2	3	1	1
197	http://lsq.aksw.org/res/q-5816c343	http://lsq.aksw.org/vocab#Query	PREFIX  bibtex: <http://swrc.ontoware.org/ontology#> PREFIX  rdf:  <http://www.w3.org/1999/02/22-rdf-syntax-ns#>  SELECT DISTINCT  ?d ?e WHERE   { ?a  rdf:type  bibtex:ResearchTopic .     ?c  rdf:type  ?d .     ?a  ?e        ?c   } 	http://lsq.aksw.org/res/sf-q-5816c343	1	2	2	2		2	2	2	3	2	3	1	1
198	http://lsq.aksw.org/res/q-77a7333d	http://lsq.aksw.org/vocab#Query	PREFIX  rdf:  <http://www.w3.org/1999/02/22-rdf-syntax-ns#> PREFIX  semw: <http://data.semanticweb.org/>  SELECT DISTINCT  ?d ?e WHERE   { ?a  rdf:type  <http://data.semanticweb.org/ns/swc/ontology#Proceedings> .     ?c  rdf:type  ?d .     ?a  ?e        ?c   } 	http://lsq.aksw.org/res/sf-q-77a7333d	1	2	2	2		2	2	2	3	2	3	1	1
199	http://lsq.aksw.org/res/q-7a5fc250	http://lsq.aksw.org/vocab#Query	PREFIX  rdf:  <http://www.w3.org/1999/02/22-rdf-syntax-ns#>  SELECT DISTINCT  ?d ?e WHERE   { ?a  rdf:type  <http://sw.deri.org/2005/08/conf/cfp.owl#CallForPapers> .     ?c  rdf:type  ?d .     ?a  ?e        ?c   } 	http://lsq.aksw.org/res/sf-q-7a5fc250	1	2	2	2		2	2	2	3	2	3	1	1
200	http://lsq.aksw.org/res/q-915f18f0	http://lsq.aksw.org/vocab#Query	PREFIX  rdf:  <http://www.w3.org/1999/02/22-rdf-syntax-ns#> PREFIX  semw: <http://data.semanticweb.org/>  SELECT DISTINCT  ?d ?e WHERE   { ?a  rdf:type  <http://data.semanticweb.org/ns/swc/ontology#DemosChair> .     ?c  rdf:type  ?d .     ?a  ?e        ?c   } 	http://lsq.aksw.org/res/sf-q-915f18f0	1	2	2	2		2	2	2	3	2	3	1	1
201	http://lsq.aksw.org/res/q-c75971c8	http://lsq.aksw.org/vocab#Query	PREFIX  rdf:  <http://www.w3.org/1999/02/22-rdf-syntax-ns#> PREFIX  semw: <http://data.semanticweb.org/>  SELECT DISTINCT  ?d ?e WHERE   { ?a  rdf:type  <http://data.semanticweb.org/ns/swc/ontology#Administrator> .     ?c  rdf:type  ?d .     ?a  ?e        ?c   } 	http://lsq.aksw.org/res/sf-q-c75971c8	1	2	2	2		2	2	2	3	2	3	1	1
202	http://lsq.aksw.org/res/q-c91e6bda	http://lsq.aksw.org/vocab#Query	PREFIX  rdf:  <http://www.w3.org/1999/02/22-rdf-syntax-ns#> PREFIX  semw: <http://data.semanticweb.org/>  SELECT DISTINCT  ?d ?e WHERE   { ?a  rdf:type  <http://data.semanticweb.org/ns/swc/ontology#Sponsorship> .     ?c  rdf:type  ?d .     ?a  ?e        ?c   } 	http://lsq.aksw.org/res/sf-q-c91e6bda	1	2	2	2		2	2	2	3	2	3	1	1
